-- 模块
-- 站内消息
INSERT INTO PUB_MODULES (MODULE_CODE, MODULE_NAME, PARENT_MODULE_CODE, IS_LEAF_MODULE, APP_CODE, MODULE_PATH, MODULE_PATH_NAME, SEQ)
VALUES ('MC_INSTATIONMSG', '站内消息', 'MC', '1', 'APPMC', 'MC#MC_INSTATIONMSG', '消息#站内消息', 0);

-- 功能
-- 站内消息-收件箱
INSERT INTO PUB_FUNCTIONS (FUNCTION_CODE, FUNCTION_NAME, MODULE_CODE, SEQ)
VALUES ('MC_INSTATIONMSG_01', '收件箱', 'MC_INSTATIONMSG', 0);
-- 站内消息-发件箱
INSERT INTO PUB_FUNCTIONS (FUNCTION_CODE, FUNCTION_NAME, MODULE_CODE, SEQ)
VALUES ('MC_INSTATIONMSG_02', '发件箱', 'MC_INSTATIONMSG', 1);
-- 站内消息-草稿箱
INSERT INTO PUB_FUNCTIONS (FUNCTION_CODE, FUNCTION_NAME, MODULE_CODE, SEQ)
VALUES ('MC_INSTATIONMSG_03', '草稿箱', 'MC_INSTATIONMSG', 2);
-- 站内消息-废件箱
INSERT INTO PUB_FUNCTIONS (FUNCTION_CODE, FUNCTION_NAME, MODULE_CODE, SEQ)
VALUES ('MC_INSTATIONMSG_04', '废件箱', 'MC_INSTATIONMSG', 3);

-- 操作
-- 站内消息-收件箱
INSERT INTO PUB_OPERATIONS (OPERATION_CODE, OPERATION_NAME, FUNCTION_CODE, OPERATION_TYPE_CODE, IS_DEFAULT, SEQ) 
VALUES ('MC_INSTATIONMSG_0101', '收件箱', 'MC_INSTATIONMSG_01', '00', '1', 0);
-- 站内消息-发件箱
INSERT INTO PUB_OPERATIONS (OPERATION_CODE,OPERATION_NAME,FUNCTION_CODE,OPERATION_TYPE_CODE,IS_DEFAULT,SEQ) 
VALUES('MC_INSTATIONMSG_0201','发件箱','MC_INSTATIONMSG_02','00','1',1);
-- 站内消息-草稿箱
INSERT INTO PUB_OPERATIONS (OPERATION_CODE, OPERATION_NAME, FUNCTION_CODE, OPERATION_TYPE_CODE, IS_DEFAULT, SEQ) 
VALUES ('MC_INSTATIONMSG_0301', '草稿箱', 'MC_INSTATIONMSG_03', '00', '1', 2);
-- 站内消息-废件箱
INSERT INTO PUB_OPERATIONS (OPERATION_CODE, OPERATION_NAME, FUNCTION_CODE, OPERATION_TYPE_CODE, IS_DEFAULT, SEQ) 
VALUES ('MC_INSTATIONMSG_0401', '废件箱', 'MC_INSTATIONMSG_04', '00', '1', 3);

-- URLS
-- 站内消息-收件箱
INSERT INTO PUB_URLS (URL_CODE, URL_NAME, URL_CONTENT, OPERATION_CODE, FUNCTION_CODE, ACCESS_TYPE, NOTE, SEQ) 
VALUES('MC_INSTATIONMSG_010101', '收件箱', 'jsp/mc/instationmessage/inbox/msg_inbox_query.jsp', 'MC_INSTATIONMSG_0101', 'MC_INSTATIONMSG_01', 'http', NULL, 0);
-- 站内消息-发件箱
INSERT INTO PUB_URLS (URL_CODE, URL_NAME, URL_CONTENT, OPERATION_CODE, FUNCTION_CODE, ACCESS_TYPE, NOTE, SEQ) 
VALUES('MC_INSTATIONMSG_020101', '发件箱', 'jsp/mc/instationmessage/outbox/msg_outbox_query.jsp', 'MC_INSTATIONMSG_0201', 'MC_INSTATIONMSG_02', 'http', NULL, 1);
-- 站内消息-草稿箱
INSERT INTO PUB_URLS (URL_CODE, URL_NAME, URL_CONTENT, OPERATION_CODE, FUNCTION_CODE, ACCESS_TYPE, NOTE, SEQ) 
VALUES('MC_INSTATIONMSG_030101', '草稿箱', 'jsp/mc/instationmessage/draftbox/msg_draftbox_query.jsp', 'MC_INSTATIONMSG_0301', 'MC_INSTATIONMSG_03', 'http', NULL, 2);
-- 站内消息-废件箱
INSERT INTO PUB_URLS (URL_CODE, URL_NAME, URL_CONTENT, OPERATION_CODE, FUNCTION_CODE, ACCESS_TYPE, NOTE, SEQ) 
VALUES('MC_INSTATIONMSG_040101', '废件箱', 'jsp/mc/instationmessage/scrapbox/msg_scrapbox_query.jsp', 'MC_INSTATIONMSG_0401', 'MC_INSTATIONMSG_04', 'http', NULL, 3);

-- 短信
INSERT INTO PUB_MODULES (MODULE_CODE, MODULE_NAME, PARENT_MODULE_CODE, IS_LEAF_MODULE, APP_CODE, MODULE_PATH, MODULE_PATH_NAME, SEQ)
VALUES ('MC_MSG', '短信', 'MC', '1', 'APPMC', 'MC#MC_MSG', '消息#短信', 1);

-- 功能
-- 短信-发件箱
INSERT INTO PUB_FUNCTIONS (FUNCTION_CODE, FUNCTION_NAME, MODULE_CODE, SEQ)
VALUES ('MC_MSG_01', '发件箱', 'MC_MSG', 0);
-- 短信-草稿箱
INSERT INTO PUB_FUNCTIONS (FUNCTION_CODE, FUNCTION_NAME, MODULE_CODE, SEQ)
VALUES ('MC_MSG_02', '草稿箱', 'MC_MSG', 1);
-- 短信-废件箱
INSERT INTO PUB_FUNCTIONS (FUNCTION_CODE, FUNCTION_NAME, MODULE_CODE, SEQ)
VALUES ('MC_MSG_03', '废件箱', 'MC_MSG', 2);

-- 操作
-- 短信-发件箱
INSERT INTO PUB_OPERATIONS (OPERATION_CODE, OPERATION_NAME, FUNCTION_CODE, OPERATION_TYPE_CODE, IS_DEFAULT, SEQ) 
VALUES ('MC_MSG_0101', '发件箱', 'MC_MSG_01', '00', '1', 0);
-- 短信-草稿箱
INSERT INTO PUB_OPERATIONS (OPERATION_CODE,OPERATION_NAME,FUNCTION_CODE,OPERATION_TYPE_CODE,IS_DEFAULT,SEQ) 
VALUES('MC_MSG_0201','草稿箱','MC_MSG_02','00','1',1);
-- 短信-废件箱
INSERT INTO PUB_OPERATIONS (OPERATION_CODE, OPERATION_NAME, FUNCTION_CODE, OPERATION_TYPE_CODE, IS_DEFAULT, SEQ) 
VALUES ('MC_MSG_0301', '废件箱', 'MC_MSG_03', '00', '1', 2);

-- URLS
-- 短信-发件箱
INSERT INTO PUB_URLS (URL_CODE, URL_NAME, URL_CONTENT, OPERATION_CODE, FUNCTION_CODE, ACCESS_TYPE, NOTE, SEQ) 
VALUES('MC_MSG_010101', '发件箱', 'jsp/mc/message/outbox/msg_outbox_query.jsp', 'MC_MSG_0101', 'MC_MSG_01', 'http', NULL, 0);
-- 短信-草稿箱
INSERT INTO PUB_URLS (URL_CODE, URL_NAME, URL_CONTENT, OPERATION_CODE, FUNCTION_CODE, ACCESS_TYPE, NOTE, SEQ) 
VALUES('MC_MSG_020101', '草稿箱', 'jsp/mc/message/draftbox/msg_draftbox_query.jsp', 'MC_MSG_0201', 'MC_MSG_02', 'http', NULL, 1);
-- 短信-废件箱
INSERT INTO PUB_URLS (URL_CODE, URL_NAME, URL_CONTENT, OPERATION_CODE, FUNCTION_CODE, ACCESS_TYPE, NOTE, SEQ) 
VALUES('MC_MSG_030101', '废件箱', 'jsp/mc/message/scrapbox/msg_scrapbox_query.jsp', 'MC_MSG_0301', 'MC_MSG_03', 'http', NULL, 2);

